[FILL] a/the	HYPONYM	[FILL] is	USUALLY/SOMETIMES	[FILL] a kind of	SCOPE	HYPERNYM	[FILL] for	FOR/PURPOSE	BY/THROUGH/HOW	SCOPE	QUANTITY/RANGE	[SKIP] COMMENTS	[SKIP] DEP	[SKIP] UID
[FILL] a/the	HYPONYM	[FILL] is	USUALLY/SOMETIMES	[FILL] a kind of	SCOPE	HYPERNYM	[FILL] for	FOR/PURPOSE	BY/THROUGH/HOW	SCOPE	QUANTITY/RANGE	[SKIP] COMMENTS	[SKIP] DEP	[SKIP] UID
	ontology_root1					ontology_root								1939-3c84-4b23-6795
	abstraction					entity								8f00-394c-772b-b5cf
	physical entity					entity								fb27-6bee-a1e4-d195
	action					ontology_root1								21ac-1c97-6444-e425
	attribute					abstraction								9c70-c5cc-d211-7e0d
	property					attribute								e669-db86-0d61-e874
	visual property					property								8df8-eb4f-e9ab-1199
	color					visual property								a948-456a-2a82-b469
	object					physical entity								72cc-6283-bccd-cc0a
	matter					physical entity								1c54-d24a-079f-d1a9
	unit					abstraction								31d5-0988-be9f-1ace
	distance unit					unit								3eca-be2e-aafd-576e
	time unit					unit								718c-84c8-aaec-9068
	volume unit					unit								d758-4b06-e941-a5f3
	mass unit					unit								f542-da87-6ae6-7d78
	meter					distance unit								8c97-2a36-9ee2-12b7
	centimeter					distance unit								87ef-085e-db99-44ef
	millimeter					distance unit								1f7c-74fe-4661-e133
	kilometer					distance unit								7264-ecf0-768e-89be
	mile					distance unit								f634-4517-f2ba-2167
	yard					distance unit								0beb-817a-8570-5a89
	micron					distance unit								c8cd-6c76-2374-3638
	nanometer					distance unit								81e9-2808-9d20-ec41
	micrometer					distance unit								8a69-fdb8-a808-f937
	lightyear					distance unit								32b8-9469-e3a8-0407
	gram					mass unit								33bf-6fc8-9e4a-d557
	kilogram					mass unit								136e-8e37-78fc-5c07
	milligram					mass unit								284f-55be-8f22-50f1
	microgram					mass unit								f0b2-df48-7787-d7fc
	pound					mass unit								f489-fd9b-17e2-ef0d
	ounce					mass unit								d6ad-8bac-5b52-bdb6
	millisecond					time unit								3f67-1c49-d42b-4bb2
	nanosecond					time unit								8f69-55c4-9bb3-a6d3
	microsecond					time unit								da59-e52f-e7ef-4e93
	second					time unit								9f35-d2dc-b076-f718
	minute					time unit								2709-79ad-43a8-4d5b
	hour					time unit								3c36-f94b-ab51-2a4f
	day					time unit								ba4a-4c44-85f0-96d6
	month					time unit								f8f0-97d9-e580-526a
	year					time unit								886b-53e4-068f-9b0d
	decade					time unit								f2c8-d814-4039-86f2
	century					time unit								e683-d94a-febd-c524
	millenium					time unit								1f50-3d4e-8438-9d76
	eon					time unit								356b-2695-be02-55c9
	liter					volume unit								d4bd-7d0b-24e8-1370
	milliliter					volume unit								1a49-2b13-d7ab-5b48
	microliter					volume unit								54e0-a0ab-fd82-2e72
	nanoliter					volume unit								2d0a-f38e-67f8-9241
	gallon					volume unit								2211-551f-44f8-6225
	cubic foot					volume unit								c178-f7ea-7295-3b10
	cubic meter					volume unit								66a4-9b81-4771-17ab
	pressure unit					unit								4e61-3b45-8879-fbb6
	pascal					pressure unit								29fc-cace-e1e7-a8de
	torr					pressure unit								19ed-1172-569d-a739
	electromagnetic unit					unit								d2d1-888f-48a4-50fc
	resistance unit					electromagnetic unit								8f37-0488-ec2b-42e5
	ohm					resistance unit								d9ae-4506-41d3-c5d9
	radioactivity unit					electromagnetic unit								ba81-649a-8505-a065
	curie					radioactivity unit								eed5-d316-3685-661b
	roentgen					radioactivity unit								28a8-c62a-4179-2179
	rem					radioactivity unit								0c45-3adc-a84e-3884
	rad					radioactivity unit								a695-11fa-79b0-a707
	gray@1					radioactivity unit								914b-802d-92a9-819a
	power unit					electromagnetic unit								d0e2-5ddb-c2b4-cba9
	watt					power unit								984b-0a71-6527-9e83
	potential unit					electromagnetic unit								c387-3eda-e065-df5d
	volt					potential unit								4f42-96f8-c9fd-211a
	illumination unit					electromagnetic unit								3078-95f2-a31f-fe8f
	lux					illumination unit								aed2-4480-d50d-f092
	inductance unit					electromagnetic unit								96fa-3368-3b34-3907
	henry					inductance unit								f245-f0c4-ce3d-82fa
	magnetic intensity					electromagnetic unit								410b-43ff-42aa-2952
	gauss					magnetic unit								6a96-e01b-5234-fed6
	tesla					magnetic unit								cd6e-0e24-9aa3-01c7
	current unit					electromagnetic unit								b811-7b66-39e7-3348
	ampere					current unit								99c2-ad4d-736e-840c
	charge unit					electromagnetic unit								425a-8dee-9ac2-3a61
	coulomb					charge unit								e498-0526-8057-e664
	capacitance unit					electromagnetic unit								3756-ca4a-9da5-9bf7
	farad					capacitance unit								6eed-41f4-db46-4af9
	dwarf planet					planet								cedb-43bd-88fa-50e6
	natural celestial object					celestial object								e88b-118e-9298-d718
	nebula					natural celestial object								5aee-9154-0bbe-45ea
	planet					natural celestial object								f839-94a0-a240-4b00
	star					natural celestial object								06d7-d8fb-2f09-90a2
	galaxy					natural celestial object								00b6-1de7-2328-fef5
	comet					natural celestial object								b94d-407b-7a69-5497
	asteroid					natural celestial object								669d-a4ca-13ad-8ef3
	terrestrial planet					planet								f115-69ed-7470-8ba7
	giant planet					planet								3651-a69e-27a7-ca90
	gas giant					giant planet								3e5b-6cfd-0247-6b29
	ice giant					giant planet								2377-d548-b956-3924
	pluto					dwarf planet								eea6-7f1f-804b-563f
	ceres					dwarf planet								4d06-9b23-ff19-fa20
	vesta					dwarf planet								63a5-99f1-ee85-b02e
	eris					dwarf planet								28c7-247c-8078-bcd0
	jupiter					gas giant								2be7-a28f-8abb-490c
	saturn					gas giant								0306-1953-6d40-8875
	neptune					ice giant								661e-85a8-33b5-1587
	uranus					ice giant								b9cb-8b3e-801c-51dd
	mercury@1					terrestrial planet								5edd-2c02-a7e5-be41
	venus					terrestrial planet								ce57-0181-3f12-80f5
	earth					terrestrial planet								dd9c-d8fe-8a21-6831
	mars					terrestrial planet								5c3e-a285-ee63-6585
	milky way					galaxy								5a46-2614-b082-920d
	andromeda					galaxy								c562-4828-e33f-a818
	sun					star								bcf6-1c73-fb22-0639
	alpha centauri a					star								5360-0007-32eb-de5f
	alpha centauri b					star								f851-c0ac-bebc-55f8
	proxima centauri					star								29c7-2151-19cd-3512
	barnard's star					star								1c4b-ea4a-1cc3-cce3
	wold 359					star								e25c-2463-2044-e28d
	lalande 21185					star								3c90-8df0-ed63-65bb
	sirius					star								20d5-9a8e-101a-0075
	epsilon eridani					star								4d9c-0e5f-d806-c6bc
	procyon					star								feca-426f-2035-7ac3
	canopus					star								c82e-7a8d-3069-5816
	rigil kentaurus					star								f272-d761-3962-6201
	arcturus					star								9ddb-ba0b-cf4d-8b5f
	vega					star								09e1-28e2-866b-aae9
	capella					star								733e-f3eb-b5ae-172f
	rigel					star								c74d-af06-b7cc-cb87
	orion nebula					nebula								37b1-b68c-b8ec-1182
	crab nebula					nebula								8044-4e83-c01d-1dc7
	ring nebula					nebula								2930-f317-b7be-8b15
	horsehead nebula					nebula								5b7b-2dc9-1d6f-b469
	cat's eye nebula					nebula								6a78-9ce8-dcab-b2bd
	moon@1					moon@2								d8dd-ea39-0c6d-2f0c
	phobos					moon@2								6af3-c763-8410-079c
	deimos					moon@2								aaee-170d-ed2d-b2dc
	europa					moon@2								3c86-d66a-5402-c2c6
	ganymede					moon@2								8203-353b-124c-8eae
	io					moon@2								1b3b-8722-458f-7fe8
	callisto					moon@2								0bb8-11c1-f506-1504
	titan					moon@2								1e11-c939-12f3-7610
	enceladus					moon@2								9885-beda-18d6-b867
	mimas					moon@2								0e82-8934-4eb0-832f
	dione					moon@2								836e-a60d-21e7-1bcf
	lapetus					moon@2								7a86-af4f-f5e4-8158
	rhea					moon@2								da76-5541-384f-5a8a
	phoebe					moon@2								a266-34e0-4db9-c7c5
	hyperion					moon@2								7590-6717-7dc8-5db5
	tethys					moon@2								c873-51da-0f92-e265
	pandora					moon@2								c10a-1645-a795-434f
	halley's comet					comet								ef90-8621-ecb5-17ed
	hale-bopp					comet								5c66-8a6e-2688-f92a
	shoemaker levy-9					comet								d792-9d17-eafd-926a
	hyakutake					comet								c8b4-8c61-55ff-0a5a
	eukaryote					living thing								8756-b74c-7206-4cb8
	animal					eukaryote								acd7-c288-20e2-5845
	fungi					eukaryote								e220-aa1c-4cad-4c45
	bacteria					monera						to expand		e424-4a78-4700-eff1
	protist					eukaryote								5162-3edd-d726-9e3b
	slime molds					fungi								867e-2ff8-2a6e-ee0b
	true fungi					fungi								fb09-7cee-429c-c435
	molds					true fungi								9461-f5a5-959f-384c
	yeast					true fungi								86fc-eae5-0e65-8d31
	mushroom					true fungi								7a4a-04a3-0d66-09ee
	fish					aquatic animals								436d-eed1-5b9b-efac
	mammal					animal								c8b5-6f87-d6b3-225f
	bird					animal						to expand		fdb3-306f-4f13-b7f3
	insect					animal						to expand		d811-ab48-6a54-c96d
	human					primate								51a1-4bca-b550-ae9c
	grape vine					vine								cc03-a1df-232e-75d9
	ivy					vine								3c4a-12e3-2dda-8809
	frog					amphibian								094b-5587-2a1b-16eb
	salamander					amphibian								734d-0c97-b87c-f08d
	toad					amphibian								9f27-ccc4-3772-9585
	newt					amphibian								7dbc-6733-762a-042a
	reptile					animal								d9a9-c6cd-0a1c-a4ce
	caiman					crocodilia								5c9a-c023-510d-9c39
	alligator					crocodilia								7780-98a9-8caf-8f4b
	testudines					reptile								d69d-eab9-b953-e842
	tortoise					testudines								29e3-1c15-4e9b-1b56
	turtle					testudines								504c-0eff-2983-7bd3
	squamata					reptile								58e4-86d5-7717-f94f
	snake					squamata								8eda-1d62-c9dd-1eab
	agama					lizard								ab0a-eb38-2774-f9f3
	chameleon					lizard								6813-7f35-6e18-8dc3
	iguana					lizard								7ab5-47d3-8a47-9ab9
	gecko					lizard								bdb4-393b-8f95-32e5
	gila monster					lizard								0b42-b2f8-e2df-89d5
	monitor lizard					lizard								ade3-f9ae-6650-9ed7
	lizard					squamata								2f78-16e5-4650-b48a
	viper					snake								227b-ef12-983a-e781
	amphibian					aquatic animals								9ea3-2833-8d2c-57da
	crocodilia					reptile								c8b6-c4c1-30e9-55a3
	python					snake								a84d-08a5-3dc3-8972
	adder					elapid								6ac0-5b14-c0a3-cc4b
	mamba					elapid								218b-0f2f-27b5-112a
	elapid					snake								4992-a85d-94e6-bc26
	colubrid					snake								e1ad-178a-bec8-1ed8
	rat snake					colubrid								c991-05cd-4703-2187
	sand snake					colubrid								6396-0122-bff2-0e2a
	king snake					colubrid								735e-8de3-6950-438f
	coral snake					elapid								fca5-6c71-f6f5-939e
	gopher snake					colubrid								a01b-ba64-6fe7-eb2a
	boa					snake								fea2-e1e3-02cc-43d1
	amazon tree boa					boa								e3bb-dbcd-cbdf-800c
	boa constrictor					boa								b3db-34f6-4704-15c6
	green anaconda					boa								7050-cbd5-a680-0c3f
	yellow anaconda					boa								f4b1-cb00-a95a-3ddf
	emerald tree boa					boa								37f3-ed61-1813-d4a9
	copperhead					elapid								9b85-ff37-8412-9999
	american copperhead					viper								c30d-5134-4f0d-c4fe
	sidewinder					viper								f751-a684-3364-985d
	western diamondback					viper								5e83-2096-e214-395d
	desert horned viper					viper								28d1-0ce8-10c6-39a0
	cottonmouth					viper								49c4-9c8d-01b3-d668
	gaboon viper					viper								0e20-7390-b98d-a342
	cobra					elapid								36c2-3397-0ac9-52e4
	chinese cobra					elapid								867f-c287-1099-3b33
	egyptian cobra					elapid								fbe6-b8bc-a8a8-33d8
	monocled cobra					elapid								3337-b175-4c18-643d
	red spitting cobra					elapid								9d34-2cc1-9d40-fc34
	sea snake					elapid								28ee-cd3c-9275-1cc4
	aquatic animals					animal								dd73-5aca-a8aa-14d0
	mollusc					aquatic animals								6186-073d-8fa0-059c
	squid					mollusc								3f32-10fd-d997-33f2
	octopus					mollusc								10f6-89f0-39d6-7ecb
	cuttlefish					mollusc								a8c0-01ff-e702-b572
	snail					mollusc								028c-4cf9-4341-8290
	slug					mollusc								115a-be32-d889-d18a
	mussel					mollusc								fb0d-a02a-8896-640f
	clam					mollusc								936c-364b-9092-b031
	scallop					mollusc								71a7-1055-ad56-0d07
	crustacean					aquatic animals								8d3d-6479-c246-d744
	shrimp					crustacean								a1c9-162b-cbf4-c884
	crab					crustacean								8127-3329-c255-3d9b
	lobster					crustacean								5e0f-07e6-258a-06ea
	prawn					crustacean								3db8-a243-65af-252b
	hermit crab					crustacean								6d8d-14f2-efc3-5b77
	barnacle					crustacean								af0d-6a3d-d342-21ea
	crayfish					crustacean								3a12-d603-107a-9aa9
	coral					anthozoa								7c8e-d1ed-ae12-e158
	anemone					anthozoa								06a6-6d21-5d52-7982
	cnidaria					aquatic animals								850d-6226-15df-47a6
	anthozoa					cnidaria								45f6-80e2-a1d1-217c
	medusozoa					cnidaria								b11e-2232-d821-c60d
	jellyfish					medusozoa								2795-6fb4-b464-be9e
	ray					chondrichthyes								788f-e163-4a4d-a885
	sawfish					chondrichthyes								d009-c8c0-40f6-f4f7
	echinoderm 					aquatic animals								d929-4f2e-5308-a3e5
	sea urchin					echinoderm 								ecf6-dee0-0454-5cec
	starfish					echinoderm 								9d75-4be0-fc9e-27b1
	sea cucumber					echinoderm 								903b-1b5f-6302-826f
	sand dollar					echinoderm 								bd58-1af7-9952-5d58
	oyster					mollusc								b879-0102-d291-e405
	pipefish					syngnathiformes								5bb8-39cf-39f9-9415
	seahorse					syngnathiformes								473d-8863-e2cc-fd5c
	nautilus					mollusc								a968-b045-c583-b971
	worms					animal								a7e5-b90b-00f0-c186
	eel					actinopterygii								92e7-31c0-8708-0c11
	chondrichthyes					fish								5293-cb7c-563d-5f82
	salmon					actinopterygii								77f8-483d-1cec-3bab
	catfish					actinopterygii								6a30-85f5-ab2d-c747
	giant isopod					crayfish								2444-6b75-06e3-6bdf
	isopod					crustacean								66b3-6bb3-258f-3814
	anchovy					actinopterygii								3e83-f163-58bc-f0c9
	angelfish					actinopterygii								1d8b-258f-be1a-9465
	anglerfish					actinopterygii								466e-7234-e4e2-8c5e
	clownfish					actinopterygii								ced7-fc53-d974-fb2a
	cod					actinopterygii								c206-3546-cf36-cbcc
	dory					actinopterygii								cde2-974a-7958-50dd
	flounder					actinopterygii								d52a-80a8-64ed-2570
	gar					actinopterygii								298c-1625-9ab8-469d
	goosefish					actinopterygii								3800-ed4f-f16f-45ba
	grouper					actinopterygii								5f91-2162-99af-81b7
	haddock					actinopterygii								3784-b72e-f82c-83d5
	halibut					actinopterygii								2c8d-82ef-ce48-a2f9
	hatchetfish					actinopterygii								000b-8da5-2408-2788
	herring					actinopterygii								5676-b61f-d7fa-7de7
	hoki					actinopterygii								dcf2-4b93-5b55-ad05
	icefish					actinopterygii								ee0d-655a-f29e-e760
	krill					mollusc								b573-e422-3d6f-22b5
	lionfish					actinopterygii								cace-d6dd-f9f8-862b
	mackerel					actinopterygii								41cf-8579-e939-7784
	monkfish					actinopterygii								7239-8eef-ef80-1009
	mullet					actinopterygii								7d33-00a5-6482-4a7b
	oarfish					actinopterygii								0902-c8fe-ca9b-0a4c
	parrotfish					actinopterygii								8356-a41a-6b86-bd74
	puffer					actinopterygii								4930-3d89-eb82-0543
	ragfish					actinopterygii								3b72-e760-2542-8db3
	ratfish					chondrichthyes								86d8-c0ae-c202-9e42
	right whale					whale								0783-4664-2996-2372
	sablefish					actinopterygii								8d9a-3d9f-9a5f-45cb
	sardine					actinopterygii								8a4d-70bc-5e52-2be7
	syngnathiformes					actinopterygii								8a5b-8443-b3b0-ae02
	seadragon					syngnathiformes								6a3e-95ad-2272-3fa7
	stickleback					actinopterygii								cc9c-3be4-69e7-156d
	stonefish					actinopterygii								0df5-4a13-4ae8-b907
	sturgeon					actinopterygii								58fb-28a7-41da-0c8a
	sunfish					actinopterygii								3875-d500-e88d-2bd9
	swordfish					actinopterygii								7db0-c311-c005-6f0a
	triggerfish					actinopterygii								98c5-3a40-75d3-41d2
	tuna					actinopterygii								6595-0f38-fd4f-453b
	wrasse					actinopterygii								a2dc-efc8-41c9-c534
	baleen whale					whale								5ed4-31e6-93a5-e253
	beluga whale					whale								57b6-232e-9ffa-a3c5
	blue whale					whale								d4da-4d86-789c-8998
	fin whale					whale								d204-c5b3-1ab3-0f2b
	humpback whale					whale								a48d-c863-6673-4324
	killer whale					whale								fb8a-db95-ce44-a9f5
	narwhal					whale								45c7-e80f-b98a-5567
	marlin													d7c8-9612-82c3-b32c
	cetacean					aquatic animals								3941-09aa-a77d-d43b
	dolphin					cetacean								55c4-cf80-e285-32e2
	porpoise					cetacean								a1ea-05aa-f1cf-49da
	whale					cetacean								15d7-5d35-5deb-4639
	pinnipedia					aquatic animals								bb8d-c9d0-fd7f-0dec
	seal					pinnipedia								d8cc-c447-7cda-80de
	sea lion					pinnipedia								5370-8c83-63e3-c7bb
	walrus					pinnipedia								99be-9670-4bce-2d9e
	sirenia					aquatic animals								c857-0555-6704-f53b
	manatee					sirenia								201d-2f16-e985-a8dc
	sea worms					aquatic animals								b220-ba92-9a10-e5de
	tube worm					sea worms								4888-71ed-d1e4-811c
	plankton					aquatic animals								6f97-93c9-999d-41a3
	zooplankton					plankton								94c5-9638-0718-705b
	phytoplankton					plankton								a78d-a20e-c05b-fcb1
	bacterioplankton					plankton								7057-6e68-3d8c-7b94
	mycoplankton					plankton								7eb1-bf10-972a-a96b
	sponge					aquatic animals								6236-fcd6-521b-4579
	tube sponge					sponge								e55e-d3af-3b16-b9d2
	vase sponge					sponge								5b75-85b8-9b9c-86e8
	yellow sponge					sponge								b47a-8eda-e59b-d601
	sea squirt sponge					sponge								f483-9ade-0b77-cc93
	painted tunicate sponge					sponge								05f5-601f-8ffa-979b
	red tree sponge					sponge								5b43-d054-7c8d-05fd
	platyhelminthes					worms								e943-476e-989a-fb92
	flatworm					platyhelminthes								da07-7165-fc4a-f44d
	tapeworm					platyhelminthes								98c8-3086-e5a9-4ffb
	fluke					platyhelminthes								5759-f521-cef0-377d
	nematoda					worms								9f7c-eb65-c0b9-31bc
	threadworm					nematoda								4750-0ffe-a927-74bd
	hookworm					nematoda								d2fc-d214-268e-55c0
	roundworm					nematoda								fe92-1eee-9468-82a2
	annelida					worms								d4bb-90dc-52a0-47ad
	earthworm					annelida								9155-b4ab-298f-e3cf
	leech					annelida								464a-8236-b2a4-df50
	monotreme					mammal								26fe-f90f-b3ae-577f
	marsupial					mammal								9b29-e204-900e-eecc
	placental mammal					mammal								7e67-e62e-dcf5-e7cc
	opossum					marsupial								d48b-f34f-f69b-0193
	wombat					marsupial								1d61-a0a0-4f4b-440f
	kangaroo					marsupial								ec0d-9a05-4c5d-1290
	wallabie					marsupial								43d4-9b8a-f38e-c7a2
	koala					marsupial								6ba1-4b68-f67c-5adc
	wallaby					marsupial								0b66-295e-76ce-bdf9
	tasmanian devil					marsupial								e022-18eb-b40e-5758
	platypus					monotreme								35b5-9d93-63ba-12e7
	echidna					monotreme								e146-53a8-9d68-d33c
	afrotheria					placental mammal								a17b-5438-99e8-46d3
	manatee					afrotheria								1242-e81e-97a5-f308
	aardvark					afrotheria								54b5-60cb-5939-a813
	rat					rodent								979d-975b-304a-00bc
	mouse					rodent								0719-a1b4-53dd-248e
	squirrel					rodent								b891-7f4a-edde-64a1
	beaver					rodent								f514-1d39-58a5-dba6
	monkey					primate								a103-4e28-cd87-2c66
	ape					primate								76e8-2e61-7639-6a9f
	lemur					primate								bb5e-d64e-e443-8acf
	lorise					primate								5c15-4aa2-e29a-4050
	euarchontglires					boreoeutheria								7896-3549-f02c-cfd8
	treeshrew					euarchontglires								0c13-5d86-2517-c4aa
	laurasiatheria					boreoeutheria								d06a-2c29-4085-4004
	hedgehog					laurasiatheria								8fa9-17ed-c1d1-d66d
	shrew					laurasiatheria								d261-8fc4-e393-8015
	mole					laurasiatheria								4607-6793-cb0f-c9f5
	whale					laurasiatheria								e459-4c9e-afcd-0e4b
	pangolin					laurasiatheria								2c7b-93f5-4fa2-d97d
	bear					carnivora								4fb8-d04b-49fa-8d5a
	seal					carnivora								24c8-b525-d632-ed5e
	mongoose					carnivora								442f-5d7e-a87a-fef1
	xenarthra					placental mammal								fb93-eb2a-80eb-503b
	house cat					xenarthra								20b0-8d4c-cba5-4fd5
	anteater					xenarthra								f58f-50a6-dbbd-9b11
	sloth					xenarthra								a997-8754-3260-3630
	hoofed mammals					mole								9460-330e-047f-19dd
	even-toed hoofed mammals					hoofed mammals								fb2a-5915-ee1b-e5cb
	deer					even-toed hoofed mammals								c7ff-7d02-71a2-edf2
	camel					even-toed hoofed mammals								91fe-abdf-4906-1e6d
	boar					even-toed hoofed mammals								31c9-3489-140d-830b
	bison					even-toed hoofed mammals								2cb7-7077-8ca9-eae1
	antelope					even-toed hoofed mammals								149b-40e9-37b9-210c
	alpaca					even-toed hoofed mammals								7e1e-46a3-4e1e-af6e
	gazelle					even-toed hoofed mammals								3987-4f08-cd06-f65f
	giraffe					even-toed hoofed mammals								4256-6f19-42c9-87d8
	gnu					even-toed hoofed mammals								21f2-f626-0cc4-8654
	goat					even-toed hoofed mammals								1eac-09f5-9887-e917
	hippopotamus					even-toed hoofed mammals								af5a-07fe-9bb2-061b
	llama					even-toed hoofed mammals								4a9c-0df0-0fd5-31df
	cow					even-toed hoofed mammals								767c-3f86-4e1b-8dd3
	musk ox					even-toed hoofed mammals								6a74-a270-d3cf-15b0
	ox					even-toed hoofed mammals								d3d2-7431-0d6a-4f75
	pig					even-toed hoofed mammals								7bfb-0dca-1ecd-d302
	sheep					even-toed hoofed mammals								fdf2-245d-ed3e-187b
	yak					even-toed hoofed mammals								8776-7fcf-2718-b51e
	water buffalo					even-toed hoofed mammals								6cbc-7390-0778-7623
	odd-toed hoofed mammals					hoofed mammals								c0d4-7b99-1f8f-cd79
	horse					odd-toed hoofed mammals								97c0-6bcc-5fb3-8952
	mule					odd-toed hoofed mammals								0a55-970a-fd17-f9a7
	donkey					odd-toed hoofed mammals								ef26-29ae-d05c-5731
	pony					odd-toed hoofed mammals								5d9c-23c8-45c1-4bd0
	guinea pig					rodent								368d-3ef9-f785-8153
	capybara					rodent								ef9f-53f4-ae9b-6fdb
	chinchilla					rodent								9dfb-885d-f116-426d
	hamster					rodent								eeae-2d14-c007-690e
	porcupine					rodent								7ced-8395-e38f-df7c
	lemming					rodent								493a-ab5c-cc76-aa5e
	chipmunk					rodent								8636-b7b8-02e6-9911
	marmot					rodent								6d37-6d54-8af0-d9e9
	muskrat					rodent								fb3b-49ec-7d66-e536
	groundhog					rodent								2978-d3cc-5dbb-f8e1
	prairie dog					rodent								52f4-08f6-3395-1e11
	flying squirrel					rodent								d88b-cf68-b85e-f97d
	gerbil					rodent								2679-9b14-3637-4b77
	gopher					rodent								f48d-700b-2d79-5c1c
	degu					rodent								b56a-d029-cf75-8b83
	deer mouse					rodent								922a-d4e3-cff1-9818
	rodent					euarchontglires								b13c-aa0a-8b95-e10a
	cat					cat family								4f1a-45f9-c822-5fc6
	tiger					cat family								2c8b-59f3-c803-b591
	lion					cat family								4d3d-6ec0-c916-b75a
	cheeta					cat family								804a-7b92-03c5-5a91
	panther					cat family								4b52-aa11-9540-9200
	mountain lion					cat family								a0b9-5a14-6796-0ae0
	canine					carnivora								2efa-fe91-16aa-a496
	dog					canine family								ea53-81f0-5d6a-3d33
	jaguar					cat family								dbbf-6935-2736-34ff
	puma					cat family								508e-58da-0cb7-2c27
	leopard					cat family								dbd1-0d9a-4c2b-7865
	cat family					carnivora								8ad9-1b82-0519-b8cb
	snow leopard					cat family								c29d-6047-137b-1045
	coyote					canine family								c5af-170d-5ff9-f276
	racoon					carnivora								d49b-93b9-de6e-7da4
	carnivora					laurasiatheria								047c-1bc3-270e-be92
	weasel family					carnivora								8e10-257f-fbd2-05c2
	wolverine					weasel family								1035-e1e8-c22b-bea9
	fox					canine family								7a48-3bb6-ed84-2c1e
	badger					weasel family								4eee-53ef-e82e-003b
	fetter					weasel family								d78e-8754-39db-4f8d
	mink					weasel family								b707-67ea-e298-e9d2
	otter					weasel family								26db-5e0e-07a7-3292
	weasel					weasel family								e62e-500c-5c50-3891
	zorilla					weasel family								f656-9cd9-c708-f4c9
	bobcat					cat family								0af5-8472-9b12-0933
	lynx					cat family								b8d7-de70-082b-ab70
	ocelot					cat family								96b7-f1ad-4a42-8265
	cattle					deer								f1df-b223-9299-2540
	cow					even-toed hoofed mammals								7b2f-0803-eb65-7f07
	wolf					canine family								7e8f-4c7e-75a3-7fd4
	black bear					bear								372c-7966-1fc4-5f45
	brown bear					bear								1bee-6fd2-82d7-9fd8
	grizzly bear					bear								b3ce-f703-ae19-8e83
	polar bear					bear								a1b8-80c5-f1d2-7a58
	giant panda					bear								76c0-4ccf-0ee2-e932
	meerkat					cat family								8292-6bc1-b858-cbb6
	bat					laurasiatheria								5042-b82e-ecf5-9f3a
	fruit bat					bat								1866-2855-4bb5-f32c
	orca					whale								ba43-b4e1-9a30-c58e
	aye-aye					primate								77b6-c1c9-c8c3-83fe
	baboon					primate								2e58-a1c4-0f73-f992
	gibbon					primate								0fad-4a1d-8e85-f8c4
	golden lion tamarin					primate								6587-6f54-b23a-69a0
	mandrill					primate								b8a6-c756-558c-f522
	tarsier					primate								9bd5-210f-0840-cf9c
	great apes					primate								c935-1724-f74c-88d4
	chimpanzee					great apes								2c14-42c8-1003-ea51
	gorilla					great apes								92cd-50e6-a728-fba9
	orangutan					great apes								ec5a-96d4-1959-c836
	bonobos					great apes								b6e5-8e57-81b0-3104
	primate					euarchontglires								481f-201c-a46a-d4aa
	leporidae					euarchontglires								e27a-1b12-e2f8-b0d7
	hare					leporidae								65bb-97d8-1417-6b1c
	rabbit					leporidae								ce9a-396b-7ebb-c67d
	skunk					carnivora								1dba-420f-81bb-63c7
	reindeer					deer								897b-fbe1-5c7a-eda7
	moose					deer								84ff-0ed0-5fd3-5800
	elk					deer								d029-3346-52fd-5bb6
	fallow deer					deer								a1ce-8c93-8c0e-0f39
	flying fox					bat								6752-55fb-0b69-7d7d
	vampire bat					bat								da53-e319-3873-dfe7
	vesper bat					bat								498f-dc2d-3204-dbb6
	brown bat					bat								48fb-3d13-8318-ba62
	free-tailed bat					bat								3128-2dbf-6353-0f22
	ghost bat					bat								9fa8-2da3-2e98-da7e
	horseshoe bat					bat								05ad-3c01-b732-5bb7
	sheath-tailed bat					bat								2c77-ca09-a003-70e7
	slit-faced bat					bat								6fc1-04b9-5ae4-d5fc
	bulldog bat					bat								48c7-306d-e21d-89e7
	mastiff bat					bat								44cf-4183-90a4-edce
	long-eared bat					vesper bat								96cb-08e6-858c-f1b2
	red bat					vesper bat								4a9b-0f84-5d14-5677
	snowshoe hare					hare								5120-21af-050b-4b45
	jackrabbit					rabbit								5773-665b-21ef-9a08
	cottontail					rabbit								534c-acf7-40c3-24d0
	mammoth					elephant family								b82a-83d7-c1f4-04d0
	mastadon					elephant family								bb72-5c14-4e37-874f
	elephant family					afrotheria								886b-edcc-77dd-e749
	canine family					carnivora								ca6b-2a23-f962-e3bc
	boreoeutheria					placental mammal								95af-e70b-601d-03ac
	elephant family					afrotheria								32c2-3eb0-0ed0-4ccb
	winged insect					insect								dcd7-5449-8a49-952a
	wingless insect					insect								03f5-c10d-c11e-2e0b
	protozoan					protist								d9d3-f890-c332-4075
	ameoboid					protozoan								b7fd-c158-31a2-6a1d
	ciliate					protozoan								7c1b-b889-7952-4748
	flagellate					protozoan								b705-e02e-c9d2-c2ba
	sporozoan					protozoan								bb70-e76a-c1d1-3af9
	algae					protist								f394-ae2b-6cd1-814b
	red algae					algae								8a61-11a3-3a13-beed
	green algae					algae								2b5a-d372-202c-4753
	euglenid					algae								f2f6-1ca6-39c2-6670
	dinoflagellate					algae								45e6-a6d3-2ce3-1f05
	moss					plant								8fa0-f257-b5aa-0377
	fern					plant								35ce-1a25-8d37-d2de
	pine tree					coniferous tree								83a3-cca4-86cf-eae3
	fir tree					coniferous tree								3751-816f-de3f-32e2
	spruce tree					coniferous tree								0843-e05b-288c-3b09
	cedar tree					coniferous tree								ddfd-2ef0-d54d-f73a
	larch tree					coniferous tree								557a-873b-1ee4-2887
	juniper tree					coniferous tree								1db6-952b-3876-a5c1
	flowering tree					flowering plant								8b67-bbfb-4be4-fb23
	apple tree					flowering tree								b50b-7c86-a94c-5989
	cherry tree					flowering tree								38a4-9c00-2a72-1012
	crepe myrtle					flowering tree								e709-2ad0-3215-3ea1
	hibiscus					flowering tree								0ad8-c897-2167-f802
	crabapple tree					flowering tree								aa54-a74b-d8be-fd4a
	birch tree					flowering tree								ab7e-46a9-606e-0a0e
	ash tree					flowering tree								9ad8-ee57-f394-58c0
	elm tree					flowering tree								9054-bb96-1af1-79eb
	hickory tree					flowering tree								5c8e-e2d5-6dc6-042f
	maple tree					flowering tree								5254-0492-2e4b-eb4c
	oak tree					flowering tree								64d2-5c06-899a-29d3
	mesquite tree					flowering tree								78dc-6b8c-9091-910a
	orange tree					flowering tree								e3c6-5fc5-1217-9de1
	palm tree					flowering tree								4eb1-a7a2-1ec2-a312
	peach tree					flowering tree								960a-21e3-c2a1-1459
	willow tree					flowering tree								f499-0269-a7d1-c44c
	pecan tree					flowering tree								5891-2b12-7217-7b83
	redwood tree					flowering tree								a6e7-cc9a-0682-9988
	sycamore tree					flowering tree								693b-8824-620a-88e4
	walnut tree					flowering tree								0be5-32e9-0e48-2c01
	seed producing plants					plant						to expand		090a-8e58-52a3-167e
	flowering plant					seed producing plants								b7a0-897d-11d1-14ff
	vine					flowering plant								19b8-40f0-e196-02fe
	coniferous tree					seed producing plants								be2a-5a0d-c1ba-7539
	bush					flowering plant								3255-d56f-5bde-202c
	bulb					flowering plant								2580-5431-a0e4-20e2
	tulip					bulb								555d-23ea-89a2-c9b6
	daffodil					bulb								7ccd-fc36-c48c-56b0
	lily					bulb								1122-9938-d18f-61be
	bean plant					vine								2669-3032-0492-6792
	gourd vines					vine								564f-a7cc-17a7-4cf2
	pumpkin vine					gourd vines								ccf5-6b67-f851-a5e6
	squash vine					gourd vines								1a5d-99f5-1c4a-4e6a
	grass					grass family								0fd3-ffdc-9fdc-a6f6
	wheat					grass family								6768-3a99-a07d-3519
	corn plant					grass family								d522-bf8c-5b73-7c3d
	bamboo					grass family								4405-355a-27b0-9463
	rice					grass family								a76d-989b-f2eb-9ab3
	rye					grass family								c8fa-0085-e48e-ff32
	barley					grass family								d870-a4e1-5367-af5d
	lemongrass					grass family								a8c7-cd5c-a285-5dcf
	cat grass					grass family								3d81-e77f-1d40-9b9a
	oat					grass family								c356-fc59-0eec-d556
	lavendar					bush								a963-dcb0-a891-c98a
	lilac					bush								b170-6a1d-29c8-744a
	blueberry bush					bush								da51-e70e-378e-6335
	strawberry bush					bush								7ce8-fe37-dbd1-8331
	blackberry bush					bush								168a-dff9-ea1a-8630
	plant					eukaryote						to expand		59f7-3199-6328-02bf
	raspberry bush					bush								fa1b-6be7-dd4c-5a64
	grass family					flowering plant								ec94-c62d-58a6-3053
	tomato plant					bush								38f4-9850-c679-6806
	pepper plant					bush								eaca-616c-ab1a-4ec4
	melon vine					vine								7ca8-35ad-5e19-c0be
	watermelon vine					melon vine								eb5e-73d6-babd-79f2
	honeydew vine					melon vine								dc0a-03e8-1d3b-6cb2
	canteloupe vine					melon vine								6e70-b76e-69c6-2c63
	peanut vine					vine								26ec-a56a-6c4c-25e0
	root vegetables					flowering plant								6348-4055-6515-6399
	potatoe					root vegetable plant								d5b2-dfb9-7bff-6106
	carrot					root vegetable plant								5e8a-8b62-8ec2-a4b2
	beetroot					root vegetable plant								0f10-dcbd-eb2b-2e94
	radish					root vegetable plant								76d3-5544-035d-f19e
	parsnip					root vegetable plant								bfa7-813d-db0b-a607
	leaf vegitable plant					flowering plant								5d9b-c1e6-809a-10fe
	lettuce					leaf vegitable plant								b9d6-b865-4e7a-7069
	celery					leaf vegitable plant								a86c-1136-1e0b-4b88
	succulent					flowering plant								7a23-2b93-5c70-b3d5
	cactus					succulent								65e0-4564-f5f9-aa51
	aloe vera					succulent								5467-1a25-f9b3-83c7
	saguaro					cactus								e9be-0668-7cd7-88e2
	prickly pear					cactus								04d1-3d57-901d-8025
	barrel cactus					cactus								9b44-41d3-f806-53ae
	prokaryote					living thing								610b-1a0e-c95d-7873
	monera					prokaryote								7ccc-b4f4-1b64-41e8
	archaea					monera								24d2-af67-7132-f1c6
	blue-green algae					bacteria								06f4-36e6-b937-fe35
	tree					seed producing plants								5c76-3441-8498-a567
	flowering tree					tree								fc9b-1374-2587-99b6
	coniferous tree					tree								6751-9528-553e-a805
	root vegetable plant					flowering plant								a624-b179-366d-da8b
	baby					human								8eab-847a-f9d4-3539
	kitten					cat								f82f-dea5-c1a8-0d30
	puppy					dog								1cad-3735-248b-53f5
	tadpole					frog								4b06-6b79-5393-538d
			actinopterygii				fish							7106-89f3-060d-470d
	goldfish						actinopterygii							28c6-18a7-d83b-d3fc
	trout						actinopterygii							371e-1745-19de-d709
	beardfish						actinopterygii							fbc7-16b8-617f-f563
	tiger shark					shark								0425-dab2-a204-db36
	bull shark					shark								fb5e-1d3c-83dc-7696
	great white shark					shark								f74b-2ec0-bad9-0e2f
	blue shark					shark								bc00-7ec3-143e-f99f
	basking shark					shark								d5d0-7175-08da-78c5
	shark					chondrichthyes								0b37-eb57-3af2-f665
	device					instrument@1						to expand		bc8f-1576-a3fb-0c10
	musical instrument					device								1dc9-c253-e0ee-a646
	measuring instrument					device								3550-16f2-f61a-f34c
	brass instrument					musical instrument								8070-2a8f-54cf-6f80
	percussion instrument					musical instrument								9d89-347a-2627-ef48
	drum					percussion instrument								1ed1-6119-ccbf-df0a
	bell					percussion instrument								29c3-eb57-1ecd-d8f0
	shaker					percussion instrument								41cf-eeba-64ce-890b
	tambourine					percussion instrument								d340-7438-26fc-c8a2
	maraca					percussion instrument								b9ed-b650-c4e7-6bc0
	chime					percussion instrument								5b8c-cee1-9acc-7d92
	triangle					percussion instrument								40f3-cd62-3a34-1884
	xylophone					percussion instrument								ad3d-99bd-5a93-3c17
	cymbal					percussion instrument								0e36-7b9f-8ca0-e098
	gong					percussion instrument								707a-acbd-d7a4-b6e0
	timpani					percussion instrument								58bc-10e8-391c-6246
	piano					percussion instrument								9ab9-ced7-29f4-294c
	tuba					brass instrument								55b9-e9a5-fb8e-b3a8
	trombone					brass instrument								ffaa-b4bc-4062-6265
	french horn					brass instrument								5bf5-39ac-88fa-4824
	trumpet					brass instrument								0898-71c5-9612-fd58
	bugle					brass instrument								fc00-db70-801c-6164
	saxophone					woodwind instrument								ecfd-a4e5-6ad8-518e
	flute					woodwind instrument								3378-c57c-b294-6166
	bassoon					woodwind instrument								c7bd-9bd4-c96b-196e
	clarinet					woodwind instrument								10df-2990-5e69-bdfe
	bagpipe					woodwind instrument								a9e3-fcf2-c06e-4f84
	guitar					string instrument								cdfe-bada-04c7-d5be
	bass@1					string instrument								4951-b033-bddc-3584
	cello					string instrument								668e-47e3-4610-140d
	harp					string instrument								63b4-337a-005a-8a6b
	banjo					string instrument								b954-f2e8-b0c3-0c5d
	lute					string instrument								09b9-9f09-670b-26ca
	mandolin					string instrument								dd74-e673-7126-4ded
	sitar					string instrument								82e3-6d0d-4037-3fa5
	ukulele					string instrument								cf9b-fa77-1cf8-6857
	viola					string instrument								cf80-c5c1-7b1b-9935
	violin					string instrument								b4a2-adcf-7ac1-3b5f
	keyboard@1					musical instrument								ef1a-ec2d-94d2-18d5
	moon@2					natural celestial object								cf72-938c-3a84-b450
	woodwind instrument					musical instrument								02b9-50fd-ae7d-65b2
	temperature unit					unit								4aee-8596-871b-c639
	celsius					temperature unit								4de6-8aa3-9b13-c34e
	kelvin					temperature unit								353b-e252-051f-2475
	farenheit					temperature unit								d80d-584a-dfc1-7cae
	distance measurement instrument					measuring instrument								655d-acf8-3e34-c2b4
	electromagnetic measurement instrument					measuring instrument								4c8d-35ce-76dd-44d9
	magnetic unit					electromagnetic unit								f3e3-7572-6939-f97a
	mass measurement instrument					measuring instrument								f444-5402-ff3a-e7f0
	pressure measurement instrument					measuring instrument								bb30-fa7a-b66d-ab76
	temperature measurement instrument					measuring instrument								4ca2-864c-22c1-9997
	time measurement instrument					measuring instrument								047d-b2c5-cc24-5ab2
	volume measurement instrument					measuring instrument								9703-b6ed-a8ef-14b2
	speed measurement instrument					measuring instrument								3d4a-489a-7b68-3d74
	graduated cylinder					volume measurement instrument								b4e4-9d75-f3b1-5d64
	stopwatch					time measurement instrument								0b6c-a1ac-4686-170a
	clock					time measurement instrument								c8b5-cc02-b296-e0a8
	thermometer					temperature measurement instrument								12be-cb71-39d2-8ab0
	barometer					pressure measurement instrument								ec07-e03e-cef1-e57b
	balance@1					mass measurement instrument								1a6e-e69b-6b62-4971
	ruler					distance measurement instrument								94b5-7fde-1125-2f0f
	calliper					distance measurement instrument								eedc-5326-0bc1-8519
	volt meter					electromagnetic measurement instrument								6667-9762-35c3-9513
	ohm meter					electromagnetic measurement instrument								2147-f3a1-e19e-fab5
	amp meter					electromagnetic measurement instrument								0c0f-22e1-b1c3-6bfe
	multimeter					electromagnetic measurement instrument								f7ee-6434-c1e4-ec5f
	gauss meter					electromagnetic measurement instrument								170f-a795-94d7-7df9
	geiger counter					electromagnetic measurement instrument								6bc8-ab48-9856-f031
	capacitance meter					electromagnetic measurement instrument								5c27-cd62-7da7-fe14
	light meter					electromagnetic measurement instrument								c680-2554-abdd-98b0
	wind measurement instrument					measuring instrument								54f2-8979-d283-8ce1
	anemometer					wind measurement instrument								e0eb-a815-9d47-1032
	gas measurement					measuring instrument								c95d-a4cc-f1fa-d040
	carbon monoxide detector					gas measurement instrument								f11e-d2bd-4273-6d90
	carbon dioxide detector					gas measurement instrument								904e-db31-df00-0ce0
	optical instrument					measuring instrument								4456-2b29-cf43-3f63
	magnifying instrument					optical instrument								7292-0d45-4a64-eabc
	telescope					magnifying instrument								5454-22b4-2ca8-b823
	binoculars					magnifying instrument								e872-e6c4-14db-816f
	microscope					magnifying instrument								88ee-8a40-f9aa-2ba1
	magnifying glass					magnifying instrument								d75c-f636-7e8b-84f7
	string instrument					musical instrument								303c-e6ea-edb1-039b
	gas measurement instrument					measuring instrument								9538-c091-5256-607c
	measuring cup					volume measurement instrument								cfef-7396-65a5-726f
	pipette					volume measurement instrument								31f0-6655-f03d-0369
	force measurement instrument					measuring instrument								54c7-3dc3-72e2-5bf9
	strain gauge					force measurement instrument								6b34-4869-6aaf-6b38
	spring scale					force measurement instrument								aaba-e4af-cdbd-2555
	force gauge					force measurement instrument								89f6-4dbd-f43c-7393
	torsion balance					force measurement instrument								183e-eda9-d413-0cb8
	inductance meter					electromagnetic measurement instrument								b9dd-4f69-47d5-8388
	direction measurement instrument					measuring instrument								3137-67ef-66e4-922f
	compass					direction measurement instrument								ade3-80a4-6f18-bad0
	magnetometer					electromagnetic measurement instrument								4d4c-95ad-f1c0-2694
	sound measurement instrument					measuring instrument								ad9f-625d-23ff-5642
	sound level meter					sound measurement instrument								0397-0370-a359-ee49
	microphone					sound measurement instrument								3442-97f7-2ced-1b03
	ph measurement instrument					measuring instrument								bc8b-c388-3ee6-c989
	ph meter					ph measurement instrument								d5e5-df23-b047-77e4
	humidity measurement instrument					measuring instrument								4f20-fa5a-20e7-efc0
	hygrometer					humidity measurement instrument								d49e-fda7-2a3d-57cb
	medical imaging instrument					measuring instrument								d42c-fa3d-1d09-bf03
	x-ray@1					medical imaging instrument								306b-b062-ede7-4459
	ultrasound					medical imaging instrument								7cfc-b130-7b85-cca6
	computed tomography					medical imaging instrument								483d-c42b-ffae-61b9
	magnetic resonance imaging					medical imaging instrument								6f87-3bbc-295f-b2c1
	wattmeter					electromagnetic measurement instrument								9ce1-69b1-bd05-32af
	gas meter					gas measurement instrument								09d5-ab2d-ed88-f0a8
	sundial					time measurement instrument								95dd-d8f4-a7c1-fb34
	atomic clock					time measurement instrument								be18-82f1-af53-2688
	watch@1					time measurement instrument								abd0-f897-c77e-3025
	blender					kitchen appliance								ba3a-4ca5-70b8-18b2
	vacuum					appliance								c46d-6c08-d4fd-fac2
	dishwasher					kitchen appliance								e628-9267-74a9-9510
	humidity appliances					appliance								f94e-43a1-0766-d8f2
	clothing appliances					appliance								a9d8-cd48-500d-0649
	dryer					clothing appliances								9858-eb64-6791-1f58
	iron@1					clothing appliances								0a5e-2e2a-2db3-2784
	washer					clothing appliances								6c28-4378-e654-1110
	cooking appliance					kitchen appliance								5723-88ec-01c5-23ee
	cooling appliance					kitchen appliance								0775-b9fe-8437-8996
	deep freezer					cooling appliance								e861-2d39-1197-4203
	freezer					cooling appliance								92ce-a961-ffd3-da02
	hot plate					cooking appliance								b51b-cc15-1db7-9f83
	fridge					cooling appliance								fe63-2eb8-3003-6392
	microwave					cooking appliance								ff0b-5a38-2aee-59d9
	oven					cooking appliance								c2c4-61b7-f6c9-688e
	stove					cooking appliance								288c-75a4-6638-7950
	toaster					cooking appliance								fea7-217a-eceb-35a6
	toaster oven					cooking appliance								b55e-3d36-e82c-ab71
	waffle iron					cooking appliance								7601-55a7-8090-cd0d
	barbeque					cooking appliance								46a4-d7a5-0b76-c7a8
	grooming appliance					appliance								b13e-d6a4-91cf-8450
	curling iron					grooming appliance								6cdb-fa86-5a88-d9ff
	hair dryer					grooming appliance								11ff-10c3-9e26-9baa
	humidifier					humidity appliances								e7b2-fb3a-7833-3285
	dehumidifier					humidity appliances								6827-0a60-25a3-03a2
	environmental heating and cooling					appliance								6fb3-af85-0ed3-fb74
	environmental heating appliance					environmental heating and cooling								7443-a58d-d4ad-c5a2
	environmental cooling appliance					environmental heating and cooling								1805-4c79-29ca-b91c
	air conditioner					environmental cooling appliance								d18b-ff56-f041-95f0
	electric heater					environmental heating appliance								8f28-2055-3f78-dd3b
	furnace					environmental heating appliance								7024-d51a-b3fb-4885
	fan					environmental cooling appliance								b8c8-1d3d-317e-92a3
	fireplace					environmental heating appliance								492e-5629-80fc-b244
	wood stove					cooking appliance								3ede-6cd2-0499-f232
	kitchen appliance					appliance								d2e0-3b4f-c9fe-6c85
	appliance					device								14a2-bba3-4300-be29
	evaporative cooler					environmental cooling appliance								0921-3c2d-3907-9dc7
	meter stick					distance measurement instrument								51e7-62e8-1211-2d29
	yard stick					distance measurement instrument								b919-34c1-b982-7845
	tape measure					distance measurement instrument								3325-8f43-32ff-9650
	conveyance					device								f615-0ee3-e39d-a07a
	underwater vehicle					water vehicle								045e-0253-5d82-aee9
	water surface vehicle					water vehicle								437e-6bc8-487b-d412
	boat					water surface vehicle								0258-14ea-2ea0-7ea1
	submarine					underwater vehicle								ae17-0368-2b28-4923
	space capsule					space vehicle								a159-59a1-2e72-ecb7
	space shuttle					space vehicle								2824-1ebe-42aa-5a3b
	sled					snow vehicle								e343-4003-b27b-007c
	plane					air vehicle								54a8-d084-97d2-33d6
	glider					air vehicle								1166-c702-b93e-4bbd
	hang glider					air vehicle								9463-89d3-e2fc-8ce7
	parachute					air vehicle								de23-6b7a-572d-b2e5
	snow mobile					snow vehicle								0c67-8a1b-3859-0432
	ski					snow vehicle								ffc1-c19e-151a-12ee
	satellite					space vehicle								9e66-388f-c637-8f7d
	space probe					space vehicle								fd46-60c3-6c1d-1007
	rocket					space vehicle								3789-ee1b-ca56-3157
	steamroller					construction vehicle								3410-76f0-288b-117d
	earth mover					construction vehicle								a803-3826-fffe-7ac6
	backhoe					construction vehicle								886f-5e13-c4c6-ac2f
	powered wheeled vehicle					wheeled vehicle								87b9-9dfc-a210-ec9b
	tractor					farm vehicle								e318-fe48-82d5-d0cc
	excavator					construction vehicle								2fb2-12e4-1867-403f
	bulldozer					construction vehicle								88ad-8109-ff5d-badc
	grader					construction vehicle								29e0-e90d-d0eb-93ae
	crane					construction vehicle								b235-219c-6152-3d1e
	dump truck					construction vehicle								eea2-33d4-88f5-2f46
	cement truck					construction vehicle								e608-472b-5252-735e
	vehicle					conveyance								b13b-66fb-81e3-c05e
	water vehicle					vehicle								68dd-49ff-8fe4-0d1a
	space vehicle					vehicle								6a7b-235b-ef9a-5fec
	snow vehicle					vehicle								00ce-2382-d29d-a1a9
	air vehicle					vehicle								e2c5-fd4f-5baa-dbf6
	bicycle					human-powered wheeled vehicle								e482-af15-44d9-c161
	roller skate					human-powered wheeled vehicle								1ed7-258c-a321-9468
	wheel chair					human-powered wheeled vehicle								f003-8987-790e-9877
	unpowered wheeled vehicle					wheeled vehicle								2d56-ca65-2699-f1f5
	wagon					unpowered wheeled vehicle								b134-67f9-f4ad-7dc8
	trailer					unpowered wheeled vehicle								10cd-79b8-c741-0fed
	motor powered wheeled vehicle					powered wheeled vehicle								d6d7-d749-8bab-ce05
	motor-powered wheeled vehicle					motor powered wheeled vehicle								f74c-96fe-55aa-c5ed
	suv					motor-powered wheeled vehicle								f324-d135-dad7-c892
	tractor-trailer					motor-powered wheeled vehicle								4acb-24dc-e472-0c85
	truck					motor-powered wheeled vehicle								34d2-8b96-d50c-81fe
	van					motor-powered wheeled vehicle								5510-40fb-0c08-e59b
	farm vehicle					motor-powered wheeled vehicle								aabe-808a-5a8a-8b0f
	car					motor-powered wheeled vehicle								dff0-5734-f622-3ff8
	human-powered wheeled vehicle					motor-powered wheeled vehicle								9b19-da6e-7115-e5dd
	bus					motor-powered wheeled vehicle								421a-e6bb-1a4d-5122
	land vehicle					vehicle								e04e-beb8-ba37-a306
	wheeled vehicle					land vehicle								16d2-4adb-ffa4-8c89
	construction vehicle					land vehicle								60b9-20a0-9b51-06df
	rail vehicle					vehicle								3f32-834a-43fe-d8e2
	powered rail vehicle					rail vehicle								ca9d-668c-0286-a682
	train					powered rail vehicle								92fb-7571-768c-eb5c
	unpowered rail vehicle					rail vehicle								3a7c-19b9-cd41-1243
	rail car					unpowered rail vehicle								58a6-aa77-8bf1-424d
	caboose					rail car								bc52-143e-30eb-3105
	box car					rail car								7afe-9c6c-f7ec-3865
	passenger car					rail car								dbe7-87bc-aac7-8f12
	dining car					rail car								2158-7c83-edaa-2fc4
	flat car					rail car								b6fe-f3dc-2464-3aae
	tank car					rail car								4f97-3d66-e7cc-5086
	flat bed truck					truck								ecb2-241a-2349-8e42
	whole object					object								b21f-90e3-2f62-6eec
	part of object					object						unclear how to decompose this		68ff-08df-d62a-dd8d
	living thing					whole object								9b69-ddd2-2095-8a89
	instrument@1					whole object								4813-9632-e56c-3cae
	celestial object					whole object								fdcd-624f-3c39-de86
	part of living thing					part of object								4af6-32c9-c036-7166
	part of animal					part of living thing								984e-e15a-9302-131e
	part of plant					part of living thing								6046-e9ce-c9f5-f4e4
	cell					part of living thing								951b-77bf-4f60-93cc
	plant cell					cell								043b-3fbc-0ef3-f493
	animal cell					cell								ac47-6aef-2f75-dc66
	cell wall					plant cell								601b-0391-ae71-313f
	nucleus					cell								babd-3f33-75ba-15ef
	nuclear membrane					cell								5e8e-200c-aeca-b86d
	chromosomes					cell								45ca-3be5-4c9a-8eac
	chloroplat					plant cell								d82f-b858-64d3-6a25
	amyoplast					plant cell								c47f-b19e-22d6-7819
	cell membrane					animal cell								3827-70f9-dffb-0f2d
	nucleolus					cell								3254-3f97-c012-b74b
	golgi body					cell								85ea-a3b8-2c9c-8421
	mitochondrion					cell								e051-c37c-a3a9-c225
	centrosome					cell								d27d-8418-64df-cbe4
	cytoplasm					cell								8691-9019-d6df-a755
	lysosome					animal cell								fcb0-734e-704d-1f88
	vacuole					cell								5e42-c9c5-a92b-3e65
	rough endoplasmic reticulum					cell								8bb6-b963-28f5-362c
	smooth endoplasmic reticulum					cell								98a4-64f7-2635-ac06
	ribosome					cell								76af-ac64-9a55-ba5e
	stem					part of plant								3839-92df-b37a-d92f
	leaf					part of plant								5c71-a450-226a-d6ba
	flower					part of plant								b028-c129-f4a1-9046
	root					part of plant								bfb0-2040-61c1-d609
	fruit					part of plant								943d-ee16-3ba6-4f1e
	bud					part of plant								7786-8451-e916-92cb
	taproot					root								8a3d-9107-c46d-0f26
	trunk					stem								f902-566e-67fe-d5de
	shoot					part of plant								163b-2f4b-2fd1-7714
	node					part of plant								3100-6abd-3714-3b68
	seed					part of plant								a10a-5683-6ba4-3c3e
	celestial object					whole object								9bcc-1bf5-cc95-53de
	tanker truck					truck								471f-5f12-6e21-6cf4
a	solid	is		a kind of		state of matter								3e1f-94e5-e095-0f3d
a	liquid	is		a kind of		state of matter								089b-aaae-18dc-e36d
a	gas	is		a kind of		state of matter								cf3f-bbbe-5206-bd41
	boiling	is		a kind of		change of state; phase change								2315-ea64-c675-86f7
	evaporation	is		a kind of		change of state; phase change								5c21-0e74-0d05-ff0c
	melting	is		a kind of		change of state; phase change								65f0-2546-07ed-afe4
	freezing	is		a kind of		change of state; phase change								48ae-4840-74aa-4f31
	condensing	is		a kind of		change of state; phase change								4e5e-d161-bac5-f59f
a	fridge	is		a kind of		cooling device								9895-9adf-6056-4e43
a	freezer	is		a kind of		cooling device								da2f-de65-0789-53e4
a	cooler	is		a kind of		cooling device								49a4-4d56-7577-889a
a	oven	is		a kind of		heating device								469d-db97-1358-42c4
a	stove	is		a kind of		heating device								be49-3188-d4ca-fe71
a	burner	is		a kind of		heating device								f4b4-55f9-073f-9c58
a	barbeque	is		a kind of		heating device								06f6-8adf-c8b0-6f31
a	heating device	is		a kind of		device								3c98-0652-aa5c-e5d6
a	cooling device	is		a kind of		device								4925-69fd-3942-504a
a	fridge	is		a kind of		home appliance								474a-e3f5-c6c0-0c06
a	freezer	is		a kind of		home appliance								ce9f-5233-d449-c347
a	oven	is		a kind of		home appliance								ba41-a072-a4d3-fbc2
a	stove	is		a kind of		home appliance								0bf2-c646-bfd0-0a72
a	change of state; phase change	is		a kind of		physical change								1358-2598-483c-156b
	temperature	is		a kind of		physical property								ce5b-da4d-4733-46a3
a	device	is		a kind of		object								a138-691c-631d-47b0
a	natural environment	is		a kind of		environment								c603-43e8-c3dd-77a5
an	artificial environment	is		a kind of		environment								46b8-799c-a7a9-20be
a	room	is		a kind of		artificial environment								d3aa-cfa2-25e4-8919
a	kitchen	is		a kind of		room								32be-c557-b009-dd52
a	living room	is		a kind of		room								022c-2ead-97da-7bed
a	bathroom	is		a kind of		room								738d-00f5-a4c3-3eca
a	bedroom	is		a kind of		room								8997-f22f-bd2b-7bcb
a	house	is		a kind of		building								29f5-d3dd-3a9e-8410
a	hydroelectric dam	is		a kind of		power station								bb39-c9c7-aa34-906c
a	fossil fuel power station	is		a kind of		power station								81f0-0888-b1bd-3518
a	natural gas power station	is		a kind of		fossil fuel power station								fe23-35e4-ff9d-f5e9
a	coal power station	is		a kind of		fossil fuel power station								9840-be96-3846-8fa4
a	wind farm	is		a kind of		power station								5aea-e80a-5675-6021
a	solar farm	is		a kind of		power station								3b3f-33f5-bc0d-ff0c
a	nuclear power plant	is		a kind of		power station								920e-0ef8-baa4-43df
a	geothermal power plant	is		a kind of		power station								73a6-b94b-766c-cf3b
a	home appliance	is	usually	a kind of		wall-powered device								9800-8f0e-1bc9-9309
a	wall-powered device	is		a kind of		electrical device								51ca-c7c3-4687-0b54
a	battery-powered device	is		a kind of		electrical device								04c6-e17d-1944-f7c3
an	electric stove	is		a kind of		stove								1237-32db-2436-88c4
a	gas stove	is		a kind of		stove								acd5-cbfa-e9e2-c650
an	electric oven	is		a kind of		oven								a277-d68d-eeab-fd85
a	gas oven	is		a kind of		oven								82e4-092b-871e-a206
a	gas stove	is		a kind of		natural gas powered device								7c6d-f471-98be-071e
a	gas oven	is		a kind of		natural gas powered device								355d-9ac4-f5bc-61cc
a	barbeque	is		a kind of		natural gas powered device								d0a6-e78e-e2ef-9c17
an	electric stove	is		a kind of		wall-powered device								e2eb-c862-5e7f-b559
an	electric oven	is		a kind of		wall-powered device								e5ab-541c-1e70-3e40
a	boiling point	is		a kind of		phase transition point; phase change point								73b6-8ac1-c9cf-16c0
a	melting point	is		a kind of		phase transition point; phase change point								8935-aacc-0df9-96c0
a	freezing point	is		a kind of		phase transition point; phase change point								d385-3c88-dc1c-de0f
a	condensation point	is		a kind of		phase transition point; phase change point								a1fb-461c-9af7-7577
	radar					speed measurement instrument								0929-462a-f057-494e
	natural gas powered device					device								d8dc-2514-3c36-a584
	electrical device					device								28c7-0be3-3f89-9a29
	actinopterygii					fish								036d-e9cb-23eb-381f
	entity					ontology_root1								414a-0230-74d8-0e5f
	building					artificial environment								519a-bbda-e1e6-ef51
	dining room					room								d7f3-66bd-d30c-83c4
	laundry room					room								efeb-bdae-27d2-c0fc
	garage					room								d6b8-6f05-bc07-7dc0
	substance					whole object								ae90-8b2d-a8ad-bbde
	water					substance								6756-55eb-0c69-1986
	ice cube					ice								0e35-2bb1-a45a-e850
	ice					water								a6db-54cc-c03c-f13f
	device container					artificial environment								cf1e-4d33-4b0c-7fd9
	cooking appliance					device container								3798-a065-55ed-2a8a
	cooling appliance					device container								10a5-be22-741a-c23e
	ice cream					substance								be3c-5d43-d721-b7e3
	radiative heat source					physical entity								937a-6366-72d4-c21f
	sunlight					radiative heat source								49df-c5aa-a997-2d55
	fire					radiative heat source								0fe7-323c-e791-e27e
														
														
														
														
														
														
														
														
														
														
														
														
														
														
														
														
														
														
														
														
														
														
														
														
														
														
														
														
														
														
														
														
														
														
														
														
														
														
														
														
														
														
														
														
														
														
														
														
														
														
														
														
														
														
														
														
														
														
														
														
														
														
														
														
														
														
														
														
														
														
														
														
														
														
														
														
														
														
														
														
														
														
														
														
														
														
														
														
														
														
														
														
														
														
														
														
														
														
														
														
														
														
														
														
														
														
														
														
														
														
														
														
														
														
														
														
														
														
														
														
														
														
														
														
														
														
														
														
														
														
														
														
														
														
														
														
														
														
														
														
														
														
														
														
														
														
														
														
														
														
														
														
														
														
														
														
														
														
														
														
														
														
														
														
														
														
														
														
														
														
														
														
														
														
														
														
														
														
														
														
														
														
														
														
														
														
														
														
														
														
														
														
														
														
														
														
														
														
														
														
														
														
														
														
														
														
														
														
														
														
														
														